nombre,enlace,pueblo,estrellas,imagen,descripcion
HOTELES,https://visita.malaga.eu/es/planifica/donde-dormir/hoteles/gran-hotel-miramar-resort-spa-gl-p104033,Málaga,5,https://static.visita.malaga.eu/visita/subidas/imagenes/5/3/arc_40135_m.jpg,"Gran Hotel Miramar es el primer hotel Gran Lujo (GL) construido en la antigua ciudad andaluza de Málaga, parte de la cadena hotelera Hoteles Santos. Miembro de The Leading Hotels of the World, así..."
Gran Hotel Miramar Resort & Spa GL*****,https://visita.malaga.eu/es/planifica/donde-dormir/hoteles/hotel-soho-boutique-castillo-santa-catalina-adults-recommended-p103502,Málaga,5,https://static.visita.malaga.eu/visita/subidas/imagenes/1/3/arc_27631_m.jpg,"El Castillo de Santa Catalina, el Hotel de Málaga de 5*, es uno de los lugares más emblemáticos de la capital de la Costa del Sol, un Palacio de estilo arquitectónico inspirado en el Renacimiento..."
Hotel Soho Boutique Castillo Santa Catalina - Adults Recommended,https://visita.malaga.eu/es/planifica/donde-dormir/hoteles/me-malaga-p109688,Málaga,5,https://static.visita.malaga.eu/visita/subidas/imagenes/9/5/arc_40559_m.jpg,"ME Málaga abre sus puertas como un espacio donde arte, cultura y gastronomía se fusionan con la energía creativa de la ciudad. Ubicado junto a la Plaza de la Merced, el hotel ofrece una propuesta..."
ME Málaga,https://visita.malaga.eu/es/planifica/donde-dormir/hoteles/only-you-hotel-malaga-p104716,Málaga,5,https://static.visita.malaga.eu/visita/subidas/imagenes/5/3/arc_29635_m.jpg,"Ubicado en uno de los edificios más emblemáticos del centro de la ciudad, La Equitativa, frente al puerto y justo al comienzo de la popular calle Marqués de Larios, Only YOU se sitúa en un enclave..."
Only YOU Hotel Málaga,https://visita.malaga.eu/es/planifica/donde-dormir/hoteles/vincci-seleccion-posada-del-patio-p103523,Málaga,5,https://static.visita.malaga.eu/visita/subidas/imagenes/0/5/arc_27650_m.jpg,"La historia de Málaga a tus pies, servicios 5 estrellas y el ambiente más exclusivo. Ven a vivir la magia del Vincci Selección Posada del Patio , un incomparable hotel en el centro histórico de..."
Vincci Selección Posada del Patio,https://visita.malaga.eu/es/planifica/donde-dormir/hoteles/hotel-well-and-come-malaga-p108661,Málaga,4,https://static.visita.malaga.eu/visita/subidas/imagenes/1/0/arc_38901_m.jpg,"El Hotel Well and Come Málaga **** está en el corazón de Málaga, a 17 min a pie de Playa de La Malagueta. Dispone de servicio de conserjería, habitaciones libres de humo, una hermosa roof top con..."
Hotel Well and Come Málaga,https://visita.malaga.eu/es/planifica/donde-dormir/hoteles/ac-malaga-palacio-by-marriot-p103384,Málaga,4,https://static.visita.malaga.eu/visita/subidas/imagenes/5/2/arc_27525_m.jpg,"203 habitaciones y 11 suites. Habitaciones con: teléfono, minibar, TV-radio-música, aire acondicionado-calefacción, caja fuerte y antena parabólica. Piscina en la terraza. Salas de convenciones..."
AC Málaga Palacio By Marriot,https://visita.malaga.eu/es/planifica/donde-dormir/hoteles/anahita-p104328,Málaga,4,https://static.visita.malaga.eu/visita/subidas/imagenes/6/1/arc_29116_v2_m.jpg,"Hotel de 4 estrellas situado a 1km de la Playa de la Malagueta. Cuenta con servicio de bar restaurante, recepción las 24 horas, servicio de habitaciones y red WiFi gratuita en todas las..."
Anahita,https://visita.malaga.eu/es/planifica/donde-dormir/hoteles/barcelo-malaga-p103413,Málaga,4,https://static.visita.malaga.eu/visita/subidas/imagenes/4/5/arc_27554_m.jpg,205 habitaciones dobles y 16 suites. Situado en el centro de la ciudad junto a la Estación Vialia María Zambrano. Salones de convenciones con 16 salas totalmente equipadas y 1 salón de pleno con...
Barceló Málaga,https://visita.malaga.eu/es/planifica/donde-dormir/hoteles/catalonia-malaga-p103516,Málaga,4,https://static.visita.malaga.eu/visita/subidas/imagenes/8/9/arc_37898_m.jpg,"Sofisticación, confort y armonía en un enclave único.Ésta es la propuesta de Catalonia Málaga , un exclusivo y elegante hotel que combina la modernidad de un hotel urbano con la calidez de un..."
Catalonia Málaga,https://visita.malaga.eu/es/planifica/donde-dormir/hoteles/catalonia-molina-lario-p103364,Málaga,4,https://static.visita.malaga.eu/visita/subidas/imagenes/6/0/arc_27506_m.jpg,"Situado frente a la Catedral, en pleno centro histórico y a escasos metros del Puerto y del Museo Picasso, Molina Lario es un hotel boutique de 103 habitaciones totalmente renovadas en 2018 que..."
Catalonia Molina Lario,https://visita.malaga.eu/es/planifica/donde-dormir/hoteles/cortijo-la-reina-p105006,Málaga,4,https://static.visita.malaga.eu/visita/subidas/imagenes/4/9/arc_30294_m.png,"El Hotel Cortijo La Reina se encuentra junto al parque Natural de los Montes de Málaga, asentado en un jardín con árboles centenarios. Situado a 800 metros de altura, donde se puede contemplar sus..."
Cortijo La Reina,https://visita.malaga.eu/es/planifica/donde-dormir/hoteles/eurostars-malaga-p103411,Málaga,4,https://static.visita.malaga.eu/visita/subidas/imagenes/1/9/arc_30991_m.jpg,"Inspiración mediterránea y carácter andaluz. El hotel Eurostars Málaga representa un concepto de alojamiento innovador, con prestaciones y espacios donde prima el confort de cada huésped. La..."
Eurostars Málaga,https://visita.malaga.eu/es/planifica/donde-dormir/hoteles/guadalmedina-p103511,Málaga,4,https://static.visita.malaga.eu/visita/subidas/imagenes/8/1/arc_29418_m.jpg,"El Hotel Guadalmedina es un moderno y confortable hotel ciudad de 4*.Especialmente indicado para sus estancias en la ciudad dada su situación privilegiada en el centro comercial, histórico y..."
Guadalmedina,https://visita.malaga.eu/es/planifica/donde-dormir/hoteles/h10-croma-malaga-p105244,Málaga,4,https://static.visita.malaga.eu/visita/subidas/imagenes/0/2/arc_33120_m.jpg,"Situado en una zona privilegiada en pleno centro de Málaga y con acceso a los principales puntos de interés de la ciudad, el H10 Croma Málaga es un hotel de nueva construcción que ha abierto sus..."
H10 Croma Málaga,https://visita.malaga.eu/es/planifica/donde-dormir/hoteles/hilton-garden-inn-malaga-p104002,Málaga,4,https://static.visita.malaga.eu/visita/subidas/imagenes/9/8/arc_28089_m.jpg,"Dispone 155 habitaciones, donde 150 de ellas son simples, 4 están acondicionadas para ofrecer una mejor accesibilidad y 1 suite. Cuenta con 300 metros cuadrados de espacios funcionales destinados a..."
Hilton Garden Inn Málaga,https://visita.malaga.eu/es/planifica/donde-dormir/hoteles/hotel-larios-malaga-p103383,Málaga,4,https://static.visita.malaga.eu/visita/subidas/imagenes/9/1/arc_29119_m.jpg,"34 habitaciones dobles y 6 Junior Suites. Habitaciones con: teléfono, minibar, TV-radio-música, aire acondicionado-calefacción, caja fuerte y antena parabólica. Cafetería - restaurante. Bar -..."
Hotel Larios Málaga,https://visita.malaga.eu/es/planifica/donde-dormir/hoteles/hotel-malaga-alameda-centro-affiliated-by-melia-p104810,Málaga,4,https://static.visita.malaga.eu/visita/subidas/imagenes/7/8/arc_29787_m.png,"En pleno centro comercial, a 15 minutos del centro histórico de la ciudad y la playa. Wifi gratuito, magnífico desayuno, gimnasio 24 horas al día 7 días a la semana, habitaciones Premium y Family..."
Hotel Málaga Alameda Centro Affiliated by Melia,https://visita.malaga.eu/es/planifica/donde-dormir/hoteles/icon-malabar-p104335,Málaga,4,https://static.visita.malaga.eu/visita/subidas/imagenes/2/7/arc_33372_m.jpg,"El nuevo hotel ICON Malabar está ubicado en la zona de moda de Málaga, el SOHO. Estamos a 10 minutos andando de la estación del AVE, a una manzana del recién estrenado teatro de Antonio Bandera y a..."
ICON Malabar,https://visita.malaga.eu/es/planifica/donde-dormir/hoteles/ilunion-malaga-p103423,Málaga,4,https://static.visita.malaga.eu/visita/subidas/imagenes/4/6/arc_27564_m.jpg,"Nuestro hotel en Málaga, de 4 estrellas superior, está situado frente al mar a escasos metros de la playa y cercano al Museo Picasso y estación del AVE. Tiene 179 habitaciones, la mayoría con..."
Ilunion Málaga,https://visita.malaga.eu/es/planifica/donde-dormir/hoteles/mariposa-p103719,Málaga,4,https://static.visita.malaga.eu/visita/subidas/imagenes/7/3/arc_27837_m.jpg,"El Hotel Mariposa está situado en el corazón del barrio cultural Soho, un gran punto de partida céntrico para descubrir la gran ciudad de Málaga."
HOTELES,https://visita.malaga.eu/es/planifica/donde-dormir/hoteles/ms-maestranza-p103422,Málaga,4,https://static.visita.malaga.eu/visita/subidas/imagenes/3/6/arc_27563_m.jpg,"El MS Maestranza Málaga está situado en el centro de Málaga, a sólo 100 metros de la playa de la Malagueta. Dispone de una azotea provista de terraza y bañera de hidromasaje con vistas panorámicas..."
MS Maestranza,https://visita.malaga.eu/es/planifica/donde-dormir/hoteles/nh-malaga-p103385,Málaga,4,https://static.visita.malaga.eu/visita/subidas/imagenes/2/8/arc_39382_m.jpg,"El hotel NH Málaga, completamente renovado en 2019, se encuentra en pleno centro de Málaga, a pocos pasos de las tiendas, restaurantes y zonas turísticas de la ciudad. Se trata de un edificio..."
NH Málaga,https://visita.malaga.eu/es/planifica/donde-dormir/hoteles/palacete-de-alamos-p104080,Málaga,4,https://static.visita.malaga.eu/visita/subidas/imagenes/0/5/arc_28150_m.jpg,"A 200 metros de la Fundación Pablo Ruiz Picasso y a 400 metros de la Alcazaba, este maravilloso hotel ofrece habitaciones con bañeras dobles de hidromasaje. Todas las  habitaciones están equipadas..."
Palacete de Álamos,https://visita.malaga.eu/es/planifica/donde-dormir/hoteles/palacio-solecio-p104811,Málaga,4,https://static.visita.malaga.eu/visita/subidas/imagenes/8/8/arc_29788_m.png,"En pleno barrio de La Judería, frente a la famosa iglesia de Santiago, en la Calle Granada, y a pocos pasos del Museo Picasso y la Catedral… el Palacio Solecio es posiblemente la mejor localización..."
Palacio Solecio,https://visita.malaga.eu/es/planifica/donde-dormir/hoteles/parador-de-malaga-gibralfaro-p103388,Málaga,4,https://static.visita.malaga.eu/visita/subidas/imagenes/9/2/arc_27529_m.jpg,"35 habitaciones dobles y 3 áticos. Habitaciones con: teléfono, minibar, TV-radio-música, aire acondicionado-calefacción, caja fuerte y antena parabólica. 2 salas de convenciones. Restaurante y..."
Parador de Málaga Gibralfaro,https://visita.malaga.eu/es/planifica/donde-dormir/hoteles/parador-de-malaga-golf-p103389,Málaga,4,https://static.visita.malaga.eu/visita/subidas/imagenes/0/3/arc_27530_m.jpg,"88 habitaciones. Habitaciones con: teléfono, minibar, TV-radio-música, aire acondicionado-calefacción, caja fuerte y antena parabólica. Bar y restaurante, salas de convenciones, piscina, tenis,..."
Parador de Málaga Golf,https://visita.malaga.eu/es/planifica/donde-dormir/hoteles/petit-palace-plaza-malaga-p103512,Málaga,4,https://static.visita.malaga.eu/visita/subidas/imagenes/1/4/arc_27641_m.jpg,"El Petit Palace Plaza se encuentra situado esquina con la calle Larios, la zona más comercial de la ciudad y detrás de la Catedral, en pleno centro histórico. Igualmente cercano del Puerto..."
Petit Palace Plaza Málaga,https://visita.malaga.eu/es/planifica/donde-dormir/hoteles/plaza-del-castillo-p103532,Málaga,4,https://static.visita.malaga.eu/visita/subidas/imagenes/9/5/arc_27659_m.jpg,"Es un establecimiento de reciente construcción, recreado íntegramente en la era medieval y da la posibilidad de realizar eventos de todo tipo en un enclave lleno de magia. Contamos con 3 solemnes..."
Plaza del Castillo,https://visita.malaga.eu/es/planifica/donde-dormir/hoteles/room-mate-valeria-p104043,Málaga,4,https://static.visita.malaga.eu/visita/subidas/imagenes/4/1/arc_28114_m.jpg,"Cuantas veces has pensado venir a Málaga y al final no encontrabas lo que buscabas? O estaba lejos del centro, o el hotel era demasiado antiguo, o tenían un horario tan rígido que parecería de todo..."
Room Mate Valeria,https://visita.malaga.eu/es/planifica/donde-dormir/hoteles/salles-malaga-centro-p103390,Málaga,4,https://static.visita.malaga.eu/visita/subidas/imagenes/1/3/arc_27531_m.jpg,"El Hotel Sallés Málaga Centro 4*, está situado en pleno corazón financiero, empresarial y comercial de Málaga, enclave ideal para combinar reuniones de trabajo con la oferta cultural y comercial..."
Sallés Málaga Centro,https://visita.malaga.eu/es/planifica/donde-dormir/hoteles/soho-bahia-malaga-p103392,Málaga,4,https://static.visita.malaga.eu/visita/subidas/imagenes/3/3/arc_27533_m.jpg,"44 habitaciones (84 plazas. Habitaciones con: teléfono,TV-radio-música, aire acondicionado-calefacción y caja fuerte. Garage propio, cafetería, salón social. A 100 mtrs. del Centro de Arte..."
Soho Bahía Málaga,https://visita.malaga.eu/es/planifica/donde-dormir/hoteles/soho-boutique-colon-p104327,Málaga,4,https://static.visita.malaga.eu/visita/subidas/imagenes/2/8/arc_28382_m.jpg,"El hotel Soho Boutique Colón es un alojamiento que se sitúa en la popular Alameda de Colón, a un paso de la calle Larios y que te garantiza la estancia perfecta para vacaciones y viajes de negocios...."
Soho Boutique Colón,https://visita.malaga.eu/es/planifica/donde-dormir/hoteles/soho-boutique-equitativa-p104333,Málaga,4,https://static.visita.malaga.eu/visita/subidas/imagenes/7/1/arc_29117_m.jpg,"A 800 metros de la famosa Malagueta, este hotel de 4 estrellas ofrece bar, restaurante y piscina al aire libre. Cuenta con servicio de habitaciones, recepción las 24 horas y desayuno buffet diario."
Soho Boutique Equitativa,https://visita.malaga.eu/es/planifica/donde-dormir/hoteles/sol-guadalmar-p103387,Málaga,4,https://static.visita.malaga.eu/visita/subidas/imagenes/8/2/arc_27528_m.jpg,"Habitaciones con: teléfono, minibar, TV-radio-música, aire acondicionado-calefacción, caja fuerte y antena parabólica. Dos restaurantes, dos piscinas en el jardín, una piscina exterior cubierta..."
Sol Guadalmar,https://visita.malaga.eu/es/planifica/donde-dormir/hoteles/suite-novotel-malaga-centro-p103530,Málaga,4,https://static.visita.malaga.eu/visita/subidas/imagenes/7/5/arc_27657_m.jpg,"Primer Suite Novotel en Málaga formado exclusivamente con 90 suites de 30m2. Llamadas a números nacionales y acceso a Internet de alta velocidad de caracter gratuito. Boutique Gourmande, bar,..."
Suite Novotel Málaga Centro,https://visita.malaga.eu/es/planifica/donde-dormir/hoteles/vincci-larios-diez-p105258,Málaga,4,https://static.visita.malaga.eu/visita/subidas/imagenes/9/7/arc_31079_m.jpg,"Hotel en Málaga, situado en la decimonónica calle Larios, una de las zonas más emblemáticas de la ciudad, y una de las vías más elegantes y relevantes a nivel histórico, comercial y cultural. Ocupa..."
Vincci Larios Diez,https://visita.malaga.eu/es/planifica/donde-dormir/hoteles/catalonia-puerta-del-mar-p109036,Málaga,4,https://static.visita.malaga.eu/visita/subidas/imagenes/6/7/arc_39676_m.jpg,"El hotel Catalonia Puerta del Mar dispone de 74 habitaciones de las cuales se diferencian entre habitaciones doble estándar, superior, Junior Suite, Triple Superior y Superior Family. Cuenta con..."
Catalonia Puerta del Mar,https://visita.malaga.eu/es/planifica/donde-dormir/hoteles/cristine-bedfor-guest-houses-malaga-p109011,Málaga,4,https://static.visita.malaga.eu/visita/subidas/imagenes/0/3/arc_39530_m.jpg,"Cristine Bedfor Málaga es un guest house con alma en pleno centro de la ciudad, donde la calidez del hogar se fusiona con el encanto local. Un espacio cuidado al detalle que invita a vivir Málaga de..."
Cristine Bedfor Guest Houses Málaga,https://visita.malaga.eu/es/planifica/donde-dormir/hoteles/sercotel-rosaleda-malaga-p107464,Málaga,4,https://static.visita.malaga.eu/visita/subidas/imagenes/7/5/arc_36657_m.jpg,"¿Viajas a Málaga solo o acompañado? ¿En familia o con amigos? ¿Por trabajo o por placer? En cualquier caso, el Sercotel Rosaleda Málaga tendrá una habitación a medida para ti. Está ubicado en la..."
Sercotel Rosaleda Málaga,https://visita.malaga.eu/es/planifica/donde-dormir/hoteles/serenay-malaga-hotel-p109342,Málaga,4,https://static.visita.malaga.eu/visita/subidas/imagenes/4/4/arc_40744_m.jpg,"Situado a pocos pasos de la estación de tren Málaga-María Zambrano, una de las principales puertas de entrada a la ciudad y punto neurálgico del transporte de alta velocidad y cercanías, Serenay..."
Serenay Málaga Hotel,https://visita.malaga.eu/es/planifica/donde-dormir/hoteles/atarazanas-malaga-boutique-p103412,Málaga,3,https://static.visita.malaga.eu/visita/subidas/imagenes/3/5/arc_27553_m.jpg,"Hotel en Málaga capital situado en pleno centro histórico, a 100mts de C/ Marqués de Larios, la calle principal de Málaga en un edificio histórico del siglo XIX rehabilitado. Zona de carga y..."
HOTELES,https://visita.malaga.eu/es/planifica/donde-dormir/hoteles/b-b-hotel-malaga-centro-p104334,Málaga,3,https://static.visita.malaga.eu/visita/subidas/imagenes/4/8/arc_28384_m.jpg,B&B Hotel Málaga Centro es un nuevo establecimiento que cuenta con 76 habitaciones modernas y funcionales equipadas con todo lo necesario para hacer tu estancia confortable. Todas ellas cuentan con...
B&B Hotel Málaga Centro,https://visita.malaga.eu/es/planifica/donde-dormir/hoteles/bro-p104311,Málaga,3,https://static.visita.malaga.eu/visita/subidas/imagenes/6/6/arc_28366_m.jpg,"Only Adults. El Hotel Brö está ubicado al lado del centro de Málaga (Calle Victoria, 22) y ofrece alojamiento con amplias habitaciones, salón común y piscina al aire libre. Cuenta con recepción 24..."
Brö,https://visita.malaga.eu/es/planifica/donde-dormir/hoteles/castilla-guerrero-p103409,Málaga,3,https://static.visita.malaga.eu/visita/subidas/imagenes/0/5/arc_27550_m.jpg,"32 habitaciones doble y 6 individuales. Habitaciones con: TV, aire acondicionado-calefacción y antena parabólica. En el centro histórico comercial de Málaga. Parking concertado."
Castilla Guerrero,https://visita.malaga.eu/es/planifica/donde-dormir/hoteles/casual-malaga-del-mar-p104160,Málaga,3,https://static.visita.malaga.eu/visita/subidas/imagenes/7/2/arc_28227_m.jpg,"Un Hotel con encanto, ubicado en unas de las mejores zonas de la ciudad. Sus 46 habitaciones distribuidas en una misma planta, son tematizadas inspiradas en el Mar Mediterráneo. Un hotel ideal para..."
Casual Málaga del Mar,https://visita.malaga.eu/es/planifica/donde-dormir/hoteles/don-curro-p103394,Málaga,3,https://static.visita.malaga.eu/visita/subidas/imagenes/5/3/arc_27535_m.jpg,"105 habitaciones dobles. Habitaciones con: teléfono, minibar, TV, aire acondicionado, caja fuerte y antena parabólica.Bar-cafetería, buffet, salón social, sala de reuniones (45 personas), sala de..."
Don Curro,https://visita.malaga.eu/es/planifica/donde-dormir/hoteles/don-paco-p103395,Málaga,3,https://static.visita.malaga.eu/visita/subidas/imagenes/6/3/arc_27536_m.jpg,"31 habitaciones dobles. Habitaciones con: teléfono, TV, aire acondicionado-calefacción, caja fuerte y antena parabólica. Cafetería, Salón social. A 100 mtrs. de la estación central de autobuses...."
Don Paco,https://visita.malaga.eu/es/planifica/donde-dormir/hoteles/eliseos-malaga-p103519,Málaga,3,https://static.visita.malaga.eu/visita/subidas/imagenes/7/4/arc_27647_m.jpg,"El Hotel Elíseos consta de 31 habitaciones (individuales, dobles, dobles con balcón y triples) y 5 estudios. Si prefiere una mayor independencia y amplitud, le recomendamos que se aloje en..."
Eliseos Málaga,https://visita.malaga.eu/es/planifica/donde-dormir/hoteles/eurostars-astoria-p103391,Málaga,3,https://static.visita.malaga.eu/visita/subidas/imagenes/2/9/arc_30992_m.jpg,Un moderno enclave en la zona cultural y de negocios más activa de Málaga En  la nueva explanada peatonal paralelo al río Guadalmedina. Las galerías de arte y la apertura del Centro de Arte...
Eurostars Astoria,https://visita.malaga.eu/es/planifica/donde-dormir/hoteles/exe-malaga-museos-p103529,Málaga,3,https://static.visita.malaga.eu/visita/subidas/imagenes/3/9/arc_30993_m.jpg,"Málaga, la ciudad que ha visto nacer a uno de los pintores más influyentes del siglo XX: Pablo Picasso El Exe Málaga Museos se encuentra ubicado en el centro histórico de la ciudad de Málaga. El..."
Exe Málaga Museos,https://visita.malaga.eu/es/planifica/donde-dormir/hoteles/hampton-by-hilton-malaga-martiricos-p108766,Málaga,3,https://static.visita.malaga.eu/visita/subidas/imagenes/4/9/arc_39194_m.jpg,"Hampton by Hilton Málaga Martiricos es un hotel moderno que ofrece restaurante, bar, desayuno buffet o continental, WiFi gratuito y recepción 24 horas. Sus habitaciones cuentan con aire..."
Hampton by Hilton Málaga Martiricos,https://visita.malaga.eu/es/planifica/donde-dormir/hoteles/holiday-inn-express-malaga-airport-p103513,Málaga,3,https://static.visita.malaga.eu/visita/subidas/imagenes/2/4/arc_27642_m.jpg,* 122 Habitaciones * 89 Habitaciones para no fumadores * 48 Habitaciones con camas dobles * 71 Habitaciones con camas individuales * Airport * 4 Plantas * Bar * Mostrador de alquiler de...
Holiday Inn Express Málaga Airport,https://visita.malaga.eu/es/planifica/donde-dormir/hoteles/hotel-del-pintor-p103421,Málaga,3,https://static.visita.malaga.eu/visita/subidas/imagenes/2/6/arc_27562_m.jpg,"Boutique hotel, de 3 estrellas, cuenta con 17 habitaciones que combinan diseño, tecnología y atención personalizada. Está especialmente destinado a aquellas personas que buscan sitios diferentes,..."
Hotel del Pintor,https://visita.malaga.eu/es/planifica/donde-dormir/hoteles/hotel-malaga-premium-p104131,Málaga,3,https://static.visita.malaga.eu/visita/subidas/imagenes/3/7/arc_29173_m.jpg,"Hotel boutique de diseño, contemporáneo, acogedor y cosmopolita, situado en el centro histórico de Málaga, en una de sus calles más tradicionales y en un enclave privilegiado a un paso de la..."
Hotel Málaga Premium,https://visita.malaga.eu/es/planifica/donde-dormir/hoteles/hotel-staybridge-suites-malaga-ihg-p108840,Málaga,3,https://static.visita.malaga.eu/visita/subidas/imagenes/4/0/arc_39304_m.jpg,"Staybridge Suites Málaga es un hotel de nueva apertura que ofrece 105 modernas suites tipo estudio con cocina completa, ideales para estancias prolongadas. Ubicado en las Torres Martiricos, combina..."
Hotel Staybridge Suites Málaga IHG,https://visita.malaga.eu/es/planifica/donde-dormir/hoteles/hotel-travelodge-malaga-airport-p103517,Málaga,3,https://static.visita.malaga.eu/visita/subidas/imagenes/6/4/arc_27646_m.jpg,"Situado a 2 minutos del aeropuerto internacional Pablo Ruiz Picasso y a 5 minutos del centro de Málaga,el Hotel Travelodge Málaga Airport goza de una situación privilegiada para sus..."
Hotel Travelodge Málaga Airport,https://visita.malaga.eu/es/planifica/donde-dormir/hoteles/humaina-p103531,Málaga,3,https://static.visita.malaga.eu/visita/subidas/imagenes/8/5/arc_27658_m.jpg,"En este hotel vas a tener la oportunidad de desenganchar del ajetreo y estrés. Podrás percibir ""el ruido del silencio"", disfrutar de las comidas tradicionales, leer en la biblioteca..."
Humaina,https://visita.malaga.eu/es/planifica/donde-dormir/hoteles/la-chancla-p103393,Málaga,3,https://static.visita.malaga.eu/visita/subidas/imagenes/3/8/arc_37983_m.png,"Acogedor hotel situado en primera línea de la playa de Pedregalejo. Habitaciones decoradas en tonos mediterráneos equipadas con aire acondicionado, TV, secador, WIFI...Terraza en la azotea con..."
La Chancla,https://visita.malaga.eu/es/planifica/donde-dormir/hoteles/malaga-nostrum-p103534,Málaga,3,https://static.visita.malaga.eu/visita/subidas/imagenes/9/2/arc_37829_m.jpg,"HOTEL RECIÉN REFORMADO. El Hotel Málaga Nostrum goza de una ubicación clave de Málaga, a solo 5 minutos en coche del aeropuerto, a 10 minutos del centro y a 10 minutos de la playa. Ofrece una..."
Málaga Nostrum,https://visita.malaga.eu/es/planifica/donde-dormir/hoteles/malaga-picasso-p103455,Málaga,3,https://static.visita.malaga.eu/visita/subidas/imagenes/0/9/arc_27590_m.jpg,"El Hotel Málaga Picasso destaca por su ubicación, en la playa Guadalmar, a sólo 5 Km del centro histórico de Málaga, a 3 Km del aeropuerto. Junto a los Parajes Naturales protegidos de la..."
Málaga Picasso,https://visita.malaga.eu/es/planifica/donde-dormir/hoteles/malaga-vibes-p107594,Málaga,3,https://static.visita.malaga.eu/visita/subidas/imagenes/4/9/arc_36994_m.jpg,"Un hotel acogedor con una ubicación privilegiada a tan solo 3 km del Aeropuerto de la Costa del Sol y 2 km de la playa. Inaugurado en febrero de 2024. Diseño mediterráneo y moderno, perfecto para..."
Málaga Vibes,https://visita.malaga.eu/es/planifica/donde-dormir/hoteles/posadas-de-espana-p103399,Málaga,3,https://static.visita.malaga.eu/visita/subidas/imagenes/0/2/arc_29420_m.jpg,"92 habitaciones dobles. Habitaciones con: teléfono, TV-radio-música, aire acondicionado-calefacción, caja fuerte y antena parabólica. Restaurante y cafetería. Salón de reuniones para 40 personas...."
HOTELES,https://visita.malaga.eu/es/planifica/donde-dormir/hoteles/sercotel-tribuna-malaga-p103323,Málaga,3,https://static.visita.malaga.eu/visita/subidas/imagenes/7/6/arc_27467_m.jpg,"El Sercotel Tribuna Málaga es un confortable hotel en Málaga diseñado para ofrecer una agradable estancia en una de las ciudades más reconocidas de Andalucía. Con una decoración clásica, el..."
Sercotel Tribuna Málaga,https://visita.malaga.eu/es/planifica/donde-dormir/hoteles/soho-boutique-malaga-p104000,Málaga,3,https://static.visita.malaga.eu/visita/subidas/imagenes/2/7/arc_30672_m.png,"Hotel ubicado en el corazón del barrio del Soho, situada junto al centro de Málaga. Cuenta con 28 habitaciones. Localizado en un céntrico barrio, perfectamente comunicado por transporte público...."
Soho Boutique Málaga,https://visita.malaga.eu/es/planifica/donde-dormir/hoteles/soho-boutique-urban-p104996,Málaga,3,https://static.visita.malaga.eu/visita/subidas/imagenes/1/8/arc_30281_m.png,"El centro de Málaga más urban que nunca Urbana, moderna, elegante, tranquila y llena de encanto. Asi es Málaga y así es el Hotel Soho Boutique Urban. En pleno centro de la ciudad y esperándote para..."
Soho Boutique Urban,https://visita.malaga.eu/es/planifica/donde-dormir/hoteles/soho-los-naranjos-p103397,Málaga,3,https://static.visita.malaga.eu/visita/subidas/imagenes/9/3/arc_27539_m.jpg,"Ubicado en una de las zonas residenciales más exclusivas y emblemática de la ciudad de Málaga, a escasos 100 metros del Paseo Marítimo Pablo Ruiz Picasso, que se abre a la emblemática playa de La..."
Soho Las Vegas,https://visita.malaga.eu/es/planifica/donde-dormir/hoteles/venecia-p103405,Málaga,3,https://static.visita.malaga.eu/visita/subidas/imagenes/8/3/arc_27538_m.jpg,"40 habitaciones (76 plazas). Habitaciones con: teléfono, TV, aire acondicionado-calefacción. Situado en pleno centro de la ciudad cerca de importantes restaurantes y junto al Centro Histórico..."
Soho Los Naranjos,https://visita.malaga.eu/es/planifica/donde-dormir/hoteles/villa-guadalupe-p103424,Málaga,3,https://static.visita.malaga.eu/visita/subidas/imagenes/6/4/arc_27546_m.jpg,"11 habitaciones algunas con balcón o terraza, pero todas con vistas panorámicas sobre la ciudad de Málaga, su costa y los pueblos de sus alrededores. Disponen de aire acondicionado individual,..."
Venecia,https://visita.malaga.eu/es/planifica/donde-dormir/hoteles/zenit-malaga-p103400,Málaga,3,https://static.visita.malaga.eu/visita/subidas/imagenes/5/6/arc_27565_m.jpg,"62 habitaciones dobles. Habitaciones con: teléfono, TV, aire acondicionado-calefacción, y antena parabólica. Bar, restaurante, salón de reuniones para 100 personas. A 10 minutos del Centro Histórico...."
Villa Guadalupe,https://visita.malaga.eu/es/planifica/donde-dormir/hoteles/alameda-p103408,Málaga,3,https://static.visita.malaga.eu/visita/subidas/imagenes/1/4/arc_27541_m.jpg,"13 habitaciones (24 plazas). Habitaciones con: baño privado, Wifi, TV y aire acondicionado-calefacción. En pleno centro de la ciudad. A 5 minutos de la estación de autobuses. Parking concertado."
Zenit Málaga,https://visita.malaga.eu/es/planifica/donde-dormir/hoteles/california-p103401,Málaga,2,https://static.visita.malaga.eu/visita/subidas/imagenes/9/4/arc_27549_m.jpg,"26 habitaciones dobles. Habitaciones con: teléfono, minibar, TV-radio-música, aire acondicionado-calefacción, caja fuerte y antena parabólica. Cafetería, salón social. A 50 mtrs. de la playa...."
Alameda,https://visita.malaga.eu/es/planifica/donde-dormir/hoteles/carlos-v-p103402,Málaga,2,https://static.visita.malaga.eu/visita/subidas/imagenes/2/4/arc_27542_m.jpg,"51 habitaciones (86 plazas). Habitaciones con: teléfono, TV y aire acondicionado-calefacción. Entre la Catedral y la Alcazaba-Teatro Romano. A 50 mtrs. del Museo Picasso. Parking."
California,https://visita.malaga.eu/es/planifica/donde-dormir/hoteles/elcano-p103535,Málaga,2,https://static.visita.malaga.eu/visita/subidas/imagenes/3/4/arc_27543_m.jpg,"El Hotel Elcano, es un agradable hotel de sólo doce habitaciones ubicado en Málaga capital, corazón de la Costa del Sol y capital de Andalucía. Su entorno ofrece además de actividades de calidad,..."
Carlos V,https://visita.malaga.eu/es/planifica/donde-dormir/hoteles/goartin-p103515,Málaga,2,https://static.visita.malaga.eu/visita/subidas/imagenes/2/6/arc_27662_m.jpg,"El Hotel Goartín es un moderno y confortable establecimiento que cuenta con un total de 15 habitaciones entre las que figuran 14 dobles estandar, con cama de matrimonio o separadas y 1 habitación..."
Elcano,https://visita.malaga.eu/es/planifica/donde-dormir/hoteles/ibis-budget-malaga-aeropuerto-p103396,Málaga,2,https://static.visita.malaga.eu/visita/subidas/imagenes/4/4/arc_27644_m.jpg,"138 habitaciones. Habitaciones con: teléfono, TV, aire acondicionado-calefacción, y antena parabólica. A 3 minutos del aeropuerto de Málaga. Muy cerca del Palacio de Ferias y Congresos. A 1.5 km...."
Goartín,https://visita.malaga.eu/es/planifica/donde-dormir/hoteles/ibis-malaga-centro-ciudad-p103505,Málaga,2,https://static.visita.malaga.eu/visita/subidas/imagenes/7/3/arc_27537_m.jpg,"En pleno corazón de Málaga, fácilmente accesible desde el aeropuerto, el hotel IBIS Centro Ciudad les recibe al lado de los principales lugares turísticos del Sur de España. El centro de la ciudad..."
Ibis Budget Málaga Aeropuerto,https://visita.malaga.eu/es/planifica/donde-dormir/hoteles/la-casa-azul-p103821,Málaga,2,https://static.visita.malaga.eu/visita/subidas/imagenes/4/3/arc_27634_m.jpg,"La Casa Azul- Bed & Breakfast despliega todo su encanto en un rincón privilegiado de Málaga capital, a 5 minutos del Centro Histórico y a pocos metros de la playa de La Malagueta. Sus cinco amplias..."
Ibis Málaga Centro Ciudad,https://visita.malaga.eu/es/planifica/donde-dormir/hoteles/la-minilla-p103509,Málaga,2,https://static.visita.malaga.eu/visita/subidas/imagenes/7/2/arc_27927_m.jpg,5 habitaciones. Restaurante con capacidad hasta 100 comensales. Situado a 15 minutos del centro de la ciudad en la entrada al Parque Natural de los Montes de Málaga. Aparcamiento privado. Servicio...
La Casa Azul,https://visita.malaga.eu/es/planifica/donde-dormir/hoteles/madeinterranea-suites-p104330,Málaga,2,https://static.visita.malaga.eu/visita/subidas/imagenes/8/3/arc_27638_m.jpg,Madeinterranea Suites es un hotel Boutique situado en el centro histórico de Málaga en un antiguo palacete del siglo XVIII. Destacamos nuestro precioso patio Andaluz y la atención personalizada que...
La Minilla,https://visita.malaga.eu/es/planifica/donde-dormir/hoteles/romerito-p104046,Málaga,2,https://static.visita.malaga.eu/visita/subidas/imagenes/3/8/arc_28383_m.jpg,"Situado en el barrio de Los Prados, este hotel de 2 estrellas cuenta con un bar. Las habitaciones disponen de aire acondicionado, WiFi, TV de pantalla plana y baños privados. Algunas de ellas..."
Madeinterranea Suites,https://visita.malaga.eu/es/planifica/donde-dormir/hoteles/solymar-p103407,Málaga,2,https://static.visita.malaga.eu/visita/subidas/imagenes/7/1/arc_28117_m.jpg,"21 habitaciones dobles. Habitaciones con: teléfono, TV, aire acondicionado-calefacción y antena parabólica. Salón social. Situado en la zona oeste de la ciudad, próximo al Palacio de Deportes Jose..."
Romerito,https://visita.malaga.eu/es/planifica/donde-dormir/hoteles/sur-p103404,Málaga,2,https://static.visita.malaga.eu/visita/subidas/imagenes/8/4/arc_27548_m.jpg,"37 habitaciones. Habitaciones con: teléfono, TV y aire acondicionado-calefacción."
HOTELES,https://visita.malaga.eu/es/planifica/donde-dormir/hoteles/teatro-romano-p104072,Málaga,2,https://static.visita.malaga.eu/visita/subidas/imagenes/2/4/arc_28142_m.jpg,"Situado a 100 metros del Teatro Romano, algunas habitaciones ofrecen vistas. Cuenta con un bar, artículos de aseo gratuitos, TV de pantalla plana, Wifi, recepción abierta las 24 horas y desayuno..."
Teatro Romano,https://visita.malaga.eu/es/planifica/donde-dormir/hoteles/villa-darkum-p104132,Málaga,2,https://static.visita.malaga.eu/visita/subidas/imagenes/1/0/arc_28201_m.jpg,"Este hotel-villa cuenta con piscina al aire libre, terraza y jardín, Wifi, servicio de canguro (no incluído en el precio) y televisión en la zona común. Servicio de tintorería y sala de reuniones..."
Villa Darkum,https://visita.malaga.eu/es/planifica/donde-dormir/hoteles/villa-lorena-p103533,Málaga,2,https://static.visita.malaga.eu/visita/subidas/imagenes/0/6/arc_27660_m.jpg,"Villa Lorena ofrece una estancia acogedora en la zona más exclusiva de Málaga. Es pequeña en tamaño (siete habitaciones) pero grande en hospitalidad y servicio. Disponemos de jardín con piscina, la..."
Villa Lorena,https://visita.malaga.eu/es/planifica/donde-dormir/hoteles/zeus-p103406,Málaga,2,https://static.visita.malaga.eu/visita/subidas/imagenes/7/4/arc_27547_m.jpg,"30 habitaciones. Habitaciones con: teléfono, TV, aire acondicionado-calefacción y antena parabólica. Cafetería y restaurante. Situado en el centro de la ciudad, cerca de la estación Renfe y..."
Zeus,https://visita.malaga.eu/es/planifica/donde-dormir/hoteles/domus-p103426,Málaga,1,https://static.visita.malaga.eu/visita/subidas/imagenes/6/6/arc_27566_m.jpg,"15 habitaciones, todas con baño completo, dotadas de aire acondicionado y conexión a internet. Recepción 24 horas. Admite perros con un pequeño suplemento."
Domus,https://visita.malaga.eu/es/planifica/donde-dormir/hoteles/las-americas-p103410,Málaga,1,https://static.visita.malaga.eu/visita/subidas/imagenes/2/5/arc_27652_m.jpg,"18 habitaciones dobles. Habitaciones con: teléfono, TV, aire acondicionado-calefacción y antena parabólica. A 50 mtrs. de la estación de Renfe y próximo a la estación de autobuses. Terraza..."
Ibis Budget Málaga Centro,https://visita.malaga.eu/es/planifica/donde-dormir/hoteles/nomadas-centro-p103557,Málaga,1,https://static.visita.malaga.eu/visita/subidas/imagenes/1/5/arc_27551_m.jpg,"Alojamiento céntrico pero tranquilo, económico y confortable. Está cerca de la estación de autobuses y trenes, y a 5 minutos andando del centro histórico. Tu bici y tu moto también son bienvenidas...."
Las Américas,https://visita.malaga.eu/es/planifica/donde-dormir/hoteles/trebol-p103510,Málaga,1,https://static.visita.malaga.eu/visita/subidas/imagenes/8/7/arc_27678_m.jpg,El Hotel Trébol es un familiar Hotel de 1 estrella situado en pleno Centro Histórico y Comercial de Málaga. Su ambiente es agradable y su trato familiar. En el Hotel Trébol la limpieza está cuidada...
Nómadas Centro,https://visita.malaga.eu/es/planifica/donde-dormir/hoteles/hotel-alcazaba-premium-p103972,Málaga,1,https://static.visita.malaga.eu/visita/subidas/imagenes/9/3/arc_27639_m.jpg,"Este hotel, que ocupa un elegante edificio de los años 20, te permite disfrutar de uno de los restaurantes de Málaga centro mejor valorados y terraza chill-out con increíbles vistas a la Alcazaba y..."
